Category,PhotoVideoGallery,Features,Title,Specification,SubCategory,Images,Description,Model,Attachments
Loader,,ROC: 700 lb.,Bobcat S70 Skid-Steer Loader,,Skid-Steer,https://assets.bobcat.com/skid-steer-loaders/misc/bobcat-s70-skid-steer-loader-nav_pm_list.jpg,,S70,
Loader,,"ROC: 1,300 lb.",Bobcat S450 Skid-Steer Loader ,,Skid-Steer,https://assets.bobcat.com/skid-steer-loaders/nav/bobcat-s450-skid-steer-loader-nav_pm_list.jpg,,S450,
Loader,,"ROC: 1,750 lb.",Bobcat S550 Skid-Steer Loader ,,Skid-Steer,https://assets.bobcat.com/skid-steer-loaders/nav/bobcat-s550-skid-steer-loader-nav_pm_list.jpg,,S550,
Loader,,"ROC: 1,950 lb. ",Bobcat S570 Skid-Steer Loader ,,Skid-Steer,https://assets.bobcat.com/skid-steer-loaders/nav/bobcat-s570-skid-steer-loader-nav_pm_list.jpg,,S570,
Loader,,"ROC: 2,100 lb.",Bobcat S590 Skid-Steer Loader ,,Skid-Steer,https://assets.bobcat.com/skid-steer-loaders/nav/bobcat-s590-skid-steer-loader-nav_pm_list.jpg,,S590,
Loader,,"ROC: 2,200 lb.",Bobcat S595 Skid-Steer Loader,,Skid-Steer,https://assets.bobcat.com/skid-steer-loaders/nav/bobcat-s595-skid-steer-loader-nav_pm_list.jpg,,S595,
Loader,,"ROC: 2,180 lb.",Bobcat S630 Skid-Steer Loader ,,Skid-Steer,https://assets.bobcat.com/skid-steer-loaders/nav/bobcat-s630-skid-steer-loader-nav_pm_list.jpg,,S630,
Loader,,"ROC: 2,690 lb.",Bobcat S650 Skid-Steer Loader ,,Skid-Steer,https://assets.bobcat.com/skid-steer-loaders/nav/bobcat-s650-skid-steer-loader-nav_pm_list.jpg,,S650,
Loader,,"ROC: 3,100 lb.",Bobcat S740 Skid-Steer Loader ,,Skid-Steer,https://assets.bobcat.com/skid-steer-loaders/nav/bobcat-s740-skid-steer-loader-nav_pm_list.jpg,,S740,
Loader,,"ROC: 3,325 lb.",Bobcat A770 All-Wheel Steer Loader ,,All-Wheel Steer,https://assets.bobcat.com/all-wheel-steer-loaders/nav/bobcat-a770-all-wheel-steer-loader-nav_pm_list.jpg,,A770,
Loader,,"ROC: 3,350 lb.",Bobcat S770 Skid-Steer Loader ,,Skid-Steer,https://assets.bobcat.com/skid-steer-loaders/nav/bobcat-s770-skid-steer-loader-nav_pm_list.jpg,,S770,
Loader,,"ROC: 3,950 lb.",Bobcat S850 Skid-Steer Loader ,,Skid-Steer,https://assets.bobcat.com/skid-steer-loaders/nav/bobcat-s850-skid-steer-loader-nav_pm_list.jpg,,S850,
Loader,,"ROC: 1,400 lb.",Bobcat T450 Compact Track Loader,,Compact Track,https://assets.bobcat.com/compact-track-loaders/nav/bobcat-t450-compact-track-loader-nav_pm_list.jpg,,T450,
Loader,,"ROC: 1,995 lb.",Bobcat T550 Compact Track Loader,,Compact Track,https://assets.bobcat.com/compact-track-loaders/nav/bobcat-t550-compact-track-loader-nav_pm_list.jpg,,T550,
Loader,,"ROC: 2,100 lb.",Bobcat T590 Compact Track Loader ,,Compact Track,https://assets.bobcat.com/compact-track-loaders/nav/bobcat-t590-compact-track-loader-nav_pm_list.jpg,,T590,
Loader,,"ROC: 2,200 lb",Bobcat T595 Compact Track Loader,,Compact Track,https://assets.bobcat.com/compact-track-loaders/nav/bobcat-t595-compact-track-loader-nav_pm_list.jpg,,T595,
Loader,,"ROC: 2,100 lb. ",Bobcat T630 Compact Track Loader ,,Compact Track,https://assets.bobcat.com/compact-track-loaders/nav/bobcat-t630-compact-track-loader-nav_pm_list.jpg,,T630,
Loader,,"ROC: 2,570 lb.",Bobcat T650 Compact Track Loader ,,Compact Track,https://assets.bobcat.com/compact-track-loaders/nav/bobcat-t650-compact-track-loader-nav_pm_list.jpg,,T650,
Loader,,"ROC: 3,200 lb.",Bobcat T740 Compact Track Loader,,Compact Track,https://assets.bobcat.com/compact-track-loaders/nav/bobcat-t740-compact-track-loader-nav_pm_list.jpg,,T740,
Loader,,"ROC: 3,475 lb.",Bobcat T770 Compact Track Loader ,,Compact Track,https://assets.bobcat.com/compact-track-loaders/nav/bobcat-t770-compact-track-loader-nav_pm_list.jpg,,T770,
Loader,,"ROC: 3,525 lb.",Bobcat T870 Compact Track Loader ,,Compact Track,https://assets.bobcat.com/compact-track-loaders/nav/bobcat-t870-1-nav_pm_list.jpg,,T870,
Loader,,ROC: 550 lb.,Bobcat MT55 Mini Track Loader ,,Mini Track,https://assets.bobcat.com/mini-track-loaders/misc/bobcat-mt55-mini-track-loader-nav_pm_list.jpg,,MT55,
Loader,,ROC: 850 lb. ,Bobcat MT85 Mini Track Loader,,Mini Track,https://assets.bobcat.com/mini-track-loaders/misc/mt85-mtl-nav_pm_list.jpg,,MT85,
Compact Excavator,,"Weight: 2,593 lb.",Bobcat E10 Compact Excavator,,,https://assets.bobcat.com/excavators/misc/r-series/bobcat-e10-nav_pm_list.jpg,,E10,
Compact Excavator,,"Weight: 4,306 lb.",Bobcat E20 Compact Excavator,,,https://assets.bobcat.com/excavators/misc/r-series/bobcat-e20-nav_pm_list.jpg,,E20,
Compact Excavator,,"Weight: 5,666 lb.",Bobcat E26 Compact Excavator ,,,https://assets.bobcat.com/excavators/misc/bobcat-e26-compact-excavator-nav_pm_list.jpg,,E26,
Compact Excavator,,"Weight: 7,183 lb.",Bobcat E32 Compact Excavator,,,https://assets.bobcat.com/excavators/misc/r-series/bobcat-e32-r-nav_pm_list.jpg,,E32,
Compact Excavator,,"Weight: 7,909 lb.",Bobcat E35 Compact Excavator,,,https://assets.bobcat.com/excavators/misc/r-series/bobcat-e35-r-nav_pm_list.jpg,,E35,
Compact Excavator,,"Weight: 9,246 lb.",Bobcat E42 Compact Excavator,,,https://assets.bobcat.com/excavators/misc/bobcat-e42-compact-excavator-nav_pm_list.jpg,,E42,
Compact Excavator,,"Weight: 10,077 lb.",Bobcat E45 Compact Excavator,,,https://assets.bobcat.com/excavators/misc/bobcat-e45-compact-excavator-nav_pm_list.jpg,,E45,
Compact Excavator,,"Weight: 10,677 lb.",Bobcat E50 Compact Excavator,,,https://assets.bobcat.com/excavators/misc/bobcat-e50-compact-excavator-nav_pm_list.jpg,,E50,
Compact Excavator,,"Weight: 12,313 lb.",Bobcat E55 Compact Excavator,,,https://assets.bobcat.com/excavators/misc/bobcat-e55-compact-excavator-nav_pm_list.jpg,,E55,
Compact Excavator,,"Weight: 13,779 lb.",Bobcat E63 Compact Excavator,,,https://assets.bobcat.com/excavators/misc/bobcat-e63-compact-excavator-nav_pm_list.jpg,,E63,
Compact Excavator,,"Weight: 18,977 lb.",Bobcat E85 Compact Excavator,,,https://assets.bobcat.com/excavators/misc/r-series/bobcat-e85-r-nav_pm_list.jpg,,E85,
Utility Vehicle,,"Starting at $12,699*",Bobcat 3400 Utility Vehicle,,,https://assets.bobcat.com/utility-vehicles/misc/bobcat-utility-vehicle-3400-nav_pm_list.jpg,,3400,
Utility Vehicle,,"Starting at $14,625*",Bobcat 3400XL Utility Vehicle,,,https://assets.bobcat.com/utility-vehicles/misc/bobcat-utility-vehicle-3400xl-nav_pm_list.jpg,,3400XL,
Utility Vehicle,,"Starting at $22,049*",Bobcat 3600 Utility Vehicle,,,https://assets.bobcat.com/utility-vehicles/misc/bobcat-utility-vehicle-3600-nav_pm_list.jpg,,3600,
Utility Vehicle,,"Starting at $25,786*",Bobcat 3650 Utility Vehicle,,,https://assets.bobcat.com/utility-vehicles/misc/bobcat-utility-vehicle-3650-nav_pm_list.jpg,,3650,
Toolcat,,40+ Attachments,Toolcat 5600 ,,,https://assets.bobcat.com/images/toolcat-utility-work-machines/5600/Toolcat5600_Bucket_COB_F_pm_list.jpg,,5600,
Toolcat,,40+ Attachments and Implements,Toolcat 5610,,,https://assets.bobcat.com/images/toolcat-utility-work-machines/5610/192332-toolcat5610_bucket_cob_f_pm_list.jpg,,5610,
Telehandler,,Lift Height: 230 in.,VersaHANDLER V519 Telehandler,,VersaHANDLER,https://assets.bobcat.com/telehandlers/misc/bobcat-v519-telehandler-navigation_pm_list.jpg,,V519,
Telehandler,,Lift Height: 274 in.,VersaHANDLER V723 Telehandler,,VersaHANDLER,https://assets.bobcat.com/telehandlers/misc/bobcat-v723-nav_pm_list.jpg,,V723,
Loader,,,Skid-Steer Loader Attachments,,Skid-Steer,https://assets.bobcat.com/skid-steer-loaders/nav/bobcat-skid-steer-loader-family-nav_pm_list.jpg,,Loader,
Loader,,,Compact Track Loader Attachments,,Compact Track,https://assets.bobcat.com/compact-track-loaders/nav/bobcat-compact-track-loader-family-nav_pm_list.jpg,,Track,
Loader,,,Mini Track Loader Attachments,,Mini Track,https://assets.bobcat.com/mini-track-loaders/misc/mt85-mtl-family-nav_pm_list.jpg,,Track,
Compact Excavator,,,Compact Excavator Attachments,,,https://assets.bobcat.com/images/excavators/e35/100591-_t6k7480_hd_fc_ko_pm_list.jpg,,Excavator,
Utility Vehicle,,,Utility Vehicle Attachments,,,https://assets.bobcat.com/images/utility-vehicles/3650/188913-3650-t6k5318-12x2-ko_pm_list.jpg,,Vehicle,
Toolcat,,,Toolcat Work Machine Attachments,,,https://assets.bobcat.com/images/toolcat-utility-work-machines/5600/Toolcat5600_Bucket_COB_F_pm_list.jpg,,Work,
Telehandler,,,Telehandler Attachments,,Telehandler,https://assets.bobcat.com/telehandlers/misc/bobcat-v519-telehandler-navigation_pm_list.jpg,,Attachments,
